REF_TEMP,AMBIENT_AIR_TEMP,IN_PAVEMENT_TEMP,INTERNAL_TEMP,BATTERY_VOLTAGE,TMR_PAV,TMR_SUB_0,TMR_SUB_3,TMR_SUB_6,TMR_SUB_9,TMR_SUB_12,TMR_SUB_18,TMR_SUB_24,TMR_SUB_30,TMR_SUB_36,TMR_SUB_42,TMR_SUB_48,TMR_SUB_54,TMR_SUB_60,TMR_SUB_66,TMR_SUB_72,TIMEZONE_FLAG
45.59,40.54,45.698,45.644,13.86,36.94,35.08,33.45,32.34,32.2,32.06,31.78,31.92,32.06,32.06,32.69,33.03,33.52,34.13,34.74,35.08,0
41.32,34.87,41.445,41.32,13.94,34.29,34.63,33.67,32.35,32,31.86,31.79,32,32,32.21,32.98,33.11,34.01,34.41,34.48,34.63,0
35.06,27.46,35.251,35.058,14.03,30.1,33.48,33.89,33.55,32.51,31.67,31.74,31.74,31.67,32.16,32.23,31.94,32.72,32.93,33.41,33.48,1
57.22,53.41,57.452,57.236,13.66,54.4,57.57,58.21,58.47,58.63,58.95,59.36,59.42,59.57,59.83,59.57,58.9,58.84,58.47,58.09,57.57,1
44.84,38.22,43.358,44.87,13.91,39.4,33.53,32.84,32.63,32.55,32.14,31.92,31.85,31.86,32,32.2,32.2,32.91,33.32,33.39,33.53,1
61.35,58.1,61.07,61.358,13.6,53.79,52.92,52.53,51.93,51.42,51.08,50.36,50.3,50.08,50.42,51.08,51.25,52.08,52.47,52.53,52.92,1
55.95,48.79,56.066,55.958,13.69,54.3,56.46,57.26,57.74,58.11,58.32,58.74,58.95,58.95,58.69,58.21,57.68,57.47,57.05,56.83,56.46,1
52.87,48.41,52.88,52.88,13.74,52.45,56.36,57.54,58.48,58.75,58.96,58.85,58.54,58.38,57.96,57.8,57.48,57.32,56.84,56.52,56.36,1
42.59,39.31,42.548,42.588,13.9,33.46,31.86,31.37,30.14,29.57,29.2,28.91,28.91,29.2,29.49,30.43,31.51,32.21,32.14,32.14,31.86,0
41.41,34.4,41.52,41.405,13.92,32.28,32.42,32.28,32.56,32.42,32.14,32.07,32,32.21,32.07,31.93,31.93,32.21,32.14,32.14,32.42,0
36.66,28.06,36.916,36.642,13.99,29.22,32.15,32.36,32.08,32.15,32.22,32.08,32.01,32.01,32.29,32.22,32.15,32.08,32.15,32.08,32.15,0
37.78,33.15,37.603,37.762,13.98,31.8,32.15,32.15,32.08,32.15,32.08,32.22,32.29,32.5,32.08,31.8,31.73,32.15,32.15,32.08,32.15,0
41.98,32.87,42.282,41.979,13.92,37.47,32.21,32,31.51,31.37,31.23,31.15,31.29,31.01,31.37,31.51,31.58,32.07,31.93,32.07,32.21,0
40.52,32.81,40.793,40.505,13.92,33.54,32.42,31.3,31.3,30.94,30.59,30.51,30.52,30.51,31.09,31.58,31.51,32,31.79,32.28,32.42,0
45.75,35.96,45.752,45.68,13.86,40.4,32.83,31.71,31.7,31.42,31.35,31,30.93,31.07,31.07,31.29,31.63,32.13,32.41,32.69,32.83,1
46.04,30.68,47.246,46.058,13.84,39.52,32.89,31.7,31.49,31.56,31.06,30.99,30.71,30.56,30.63,31.2,31.49,31.84,32.19,32.33,32.89,0
38.55,36.23,38.547,38.572,13.97,33.95,32.64,32.22,32.22,31.8,31.94,31.23,31.02,31.09,31.52,31.8,31.87,32.01,32.15,32.36,32.64,1
61.55,56.66,32,32,13.61,60.08,59.71,60.44,61.84,62.76,63.48,64.14,64.76,64.81,64.56,63.69,62.97,62.31,61.22,60.7,59.71,
38.54,34.9,32,32,13.97,32.5,32.29,31.66,31.52,31.3,30.59,30.16,30.01,30.52,30.08,29.94,30.59,32.15,32.43,32.15,32.29,
41.02,37.03,32,32,13.94,33.61,32.21,31.72,31.58,30.94,30.87,30.66,30.08,30.3,30.52,30.8,31.44,32.28,32,31.79,32.21,
37.32,24.9,32,32,13.98,27.74,32.15,32.57,32.15,32.15,31.87,31.66,31.31,31.73,31.8,31.87,31.87,32.15,31.94,32.08,32.15,
37.57,29.3,32,32,13.98,30.23,32.36,32.15,32.29,32.22,31.94,31.8,31.52,31.66,31.87,32.01,32.22,32.22,32.08,32.15,32.36,
38.6,36.4,32,32,13.97,34.02,32.29,32.22,31.8,31.45,31.38,30.94,30.87,30.73,30.94,31.3,31.87,32.01,32.01,31.94,32.29,
37.51,33.33,32,32,13.99,32.36,32.43,32.5,32.29,32.22,31.52,31.45,31.31,31.31,31.73,31.94,31.94,32.29,32.15,32.01,32.43,
37.18,25.54,32,32,13.98,30.09,32.29,32.29,32.57,32.29,32.22,32.08,32.08,31.94,32.08,32.15,31.87,32.36,32.15,31.73,32.29,
55.27,31.61,32,32,13.68,36.84,32.51,31.67,32.16,32.09,31.74,31.88,31.88,31.39,32.09,32.23,32.23,32.23,32.23,32.3,32.51,
59.56,39.64,32,32,13.68,41.73,32.23,32.09,32.37,32.3,32.16,32.02,31.95,31.74,32.02,32.09,32.02,32.16,31.88,31.95,32.23,
37.47,27.58,32,32,13.98,30.02,32.43,32.43,32.29,32.29,32.01,32.08,32.01,32.01,32.15,32.43,32.15,32.43,32.29,32.22,32.43,
39.59,23.8,32,32,13.92,30.66,32.42,31.93,32.07,32.07,31.93,31.93,32.07,31.93,31.93,32.49,32.07,32.49,32.28,32.21,32.42,
53.33,39.95,32,32,13.76,45.61,32.39,32.04,32.18,31.76,31.69,31.62,31.83,31.76,32.25,32.25,31.83,32.39,31.83,32.04,32.39,
37.69,30.28,32,32,13.98,31.8,32.78,33.06,32.5,32.15,31.94,32.01,32.01,31.66,31.94,32.08,31.87,32.22,32.01,32.22,32.78,
49.67,35.87,32,32,13.81,45.62,32.61,31.91,31.91,32.05,32.12,32.12,32.4,32.33,32.33,32.19,32.05,32.19,32.19,32.26,32.61,
60.85,52.61,32,32,13.6,55.75,57.82,57.98,58.25,58.09,57.6,58.04,58.67,58.88,59.04,59.14,58.88,58.93,58.57,58.25,57.82,
51.68,43.56,32,32,13.75,53.78,59.86,62.54,64.39,65.66,66.36,67.17,67.32,66.71,65.71,64.74,63.52,62.6,61.36,60.53,59.86,
59.3,52.45,32,32,13.62,59.14,57.67,56.39,56.01,56.01,56.71,57.2,57.51,57.78,58.67,58.72,58.2,58.46,58.67,58.36,57.67,
54.5,44.26,32,32,13.7,52.39,57.53,58.79,59.32,59.53,58.75,58.27,58.42,58.69,58.42,58.42,58.37,58.63,58.11,57.53,57.53,
51.47,44.64,32,32,13.75,50.23,56.27,58.28,58.91,59.18,58.81,57.38,56.8,56.64,57.12,56.96,56.37,56.58,56.9,56.58,56.27,
37.8,31.42,32,32,13.98,31.73,32.22,32.01,32.15,32.15,32.08,32.15,31.73,32.22,31.87,31.73,31.73,32.08,31.52,32.01,32.22,
37.09,19,32,32,13.98,25.44,32.01,32.15,31.94,31.87,31.94,32.15,32.36,32.29,32.29,31.87,31.94,32.22,31.79,31.94,32.01,
37.01,20.93,32,32,13.98,26.14,31.45,31.02,29.87,29.36,28.48,27.36,26.82,25.75,26.9,27.58,28.25,30.01,30.52,30.8,31.45,
43.44,35.81,32,32,13.92,37.86,31.86,32.14,32.35,32.14,31.79,32.21,31.79,31.93,31.93,31.93,31.65,31.86,31.79,31.86,31.86,
46.02,30.65,32,32,13.81,31.2,31.77,31.13,30.71,30.35,29.99,29.26,28.96,28.37,28.44,28.52,28.82,29.69,30.63,31.2,31.77,
36.69,13.71,32,32,13.97,24.11,32.01,32.5,32.99,32.57,31.73,31.87,31.66,31.87,31.94,32.15,32.15,32.22,32.01,31.73,32.01,
36.59,14.7,32,32,13.98,23.94,31.87,32.01,32.57,32.22,32.08,31.94,32.22,31.94,32.01,32.15,31.87,32.01,31.94,32.01,31.87,
48.52,37.69,32,32,13.84,41.83,31.91,32.05,31.98,31.84,31.77,32.05,32.05,32.05,31.98,32.4,31.84,32.4,32.05,32.05,31.91,
59.05,53.71,56.07,14.67,13.65,55.59,54.19,54.13,54.62,55.49,56.01,56.93,57.41,57.3,57.09,56.56,55.59,55.26,54.73,54.4,54.19,
58.55,53.44,55.39,14.4,13.67,54.78,55.75,56.77,58.04,59.05,59.73,60.76,61.13,61.08,60.77,60.2,59,58.25,57.25,56.4,55.75,
59.46,56.51,53.02,15.03,13.64,52.32,55.32,56.39,57.51,58.2,59.19,59.51,59.78,59.78,60.45,59.57,58.36,57.67,57.41,56.6,55.32,
59.05,52.13,58.63,14.53,13.66,58.26,54.4,53.97,54.19,54.62,55.26,55.81,56.02,56.08,55.92,55.75,55.43,55.38,54.67,54.57,54.4,
60.99,54.29,60.36,15.33,13.64,59.73,55.26,55.16,56.07,56.93,57.46,58.25,58.67,58.72,58.67,58.36,57.62,57.04,56.49,55.96,55.26,
55.52,50.44,53.5,12.88,13.71,53.04,53.15,53.71,54.53,55.17,55.6,55.82,55.71,55.12,54.58,54.31,53.92,53.81,53.32,53.26,53.15,
55.3,50.37,53.57,13.08,13.7,53.1,55.76,56.46,56.93,57.52,57.63,58,58.42,58.53,58.53,58.27,57.42,57.2,56.3,56.03,55.76,
58.35,53.07,58.33,14.18,13.66,57.73,55.54,55.33,55.38,55.66,56.03,56.77,57.15,57.2,57.3,56.93,56.23,56.19,55.59,55.49,55.54,
54.39,48.55,52.69,12.54,13.71,52.39,54.69,55.39,55.93,55.98,56.14,56.52,56.46,56.25,55.88,55.71,55.28,55.44,55.17,54.9,54.69,
44.3,41.84,35.09,6.996,13.87,35.68,31.43,30.36,29.34,28.61,28.31,27.71,27.26,27.11,27.04,28.01,28.6,29.93,30.72,31.22,31.43,
39.97,33.6,30.75,4.572,13.94,30.73,32,32.21,32.07,31.86,31.86,31.72,31.72,31.65,31.37,32.22,32.07,32.42,31.86,31.93,32,
38.38,30.38,31.11,3.849,13.96,31.1,32.15,32.29,32.01,31.94,31.38,31.52,31.23,31.59,31.52,32.08,31.87,32.29,31.59,32.08,32.15,
36.54,31.19,30.98,2.483,14,30.6,31.87,32.29,32.08,32.09,31.8,31.52,31.45,31.31,31.88,32.15,32.08,32.02,31.67,32.01,31.87,
49.28,44.21,35.88,9.66,13.79,36.14,32.12,31.56,30.99,30.77,30.63,30.49,30.56,29.98,30.27,30.34,30.41,31.35,31.7,31.77,32.12,
53.12,47.15,52.79,11.64,13.73,52.17,56.1,58.01,59.91,60.94,61.47,62.44,62.55,62.24,61.67,60.94,59.64,59.02,57.42,56.95,56.1,
52.91,45.57,51.5,11.64,13.74,50.89,55.18,56.74,58.06,58.27,58.22,58.22,58.17,58.06,58.12,57.85,57.27,57.27,56.26,55.62,55.18,
49.32,41.92,50.89,9.63,13.79,50.34,54.76,56.75,58.29,59.03,59.4,59.34,58.97,58.6,58.08,57.66,57.01,56.54,55.78,55.3,54.76,
57.38,53,58.23,13.44,13.68,57.64,54.9,55.39,56.51,57.31,57.52,57.58,57.31,56.77,56.46,56.19,55.92,55.82,55.49,55.07,54.9,
53.98,49.88,52.69,12.21,13.72,52,54.69,55.88,56.68,57.27,57.42,57.42,57.27,56.9,56.57,56.25,55.71,55.66,55.17,54.85,54.69,
62.4,57.11,60.58,16.3,13.6,60.03,53.3,51.25,50.47,50.25,50.64,51.25,51.58,52.14,52.42,52.97,52.97,53.3,53.52,53.36,53.3,
41.27,34.51,30.83,5.167,13.91,31.58,30.44,29.43,28.54,27.27,26.9,25.74,25.28,24.73,25.12,25.75,26.52,27.87,28.25,29.35,30.44,
49.27,38.62,35.89,9.45,13.8,36.14,30.35,29.18,28.38,27.33,27.1,26.72,26.11,25.95,25.96,26.42,27.78,28.38,29.33,29.84,30.35,
33.19,28.3,27,0.777,14.04,27.15,31.75,31.61,31.32,30.97,30.75,30.68,29.96,29.45,29.38,29.38,29.6,30.54,30.75,31.1,31.75,
40.33,29.46,36.45,4.551,13.94,37.09,30.66,30.01,29.51,29.07,28.85,28.7,29.07,28.47,28.33,28.69,28.55,29.29,29.65,30.3,30.66,
45.43,32.21,40.34,5.404,13.91,39.09,31.65,32.42,31.93,32.07,32,32.07,31.51,30.87,31.02,31.09,30.72,31.23,30.66,31.23,31.65,
53.09,36.7,41.29,11.49,13.75,42.06,30.77,29.61,27.99,27.69,26.86,26.33,26.25,26.55,26.94,27.61,28.59,29.46,29.9,30.26,30.77,
47.37,43.65,34.47,8.62,13.82,34.47,31.56,31.28,29.34,28.82,28.31,27.11,26.8,26.5,27.26,28.15,29.41,30.5,30.71,31.07,31.56,
41.11,36.19,32.13,5.23,13.91,31.93,31.86,31.72,30.8,29.28,28.47,27.72,27.42,27.12,27.42,28.47,29.28,30.16,30.8,31.58,31.86,
54.31,48.44,52.93,12.39,13.71,52.61,54.9,55.82,56.52,56.83,57,57.27,57.37,57.53,57.58,57.27,56.52,56.36,55.93,55.55,54.9,
52.99,47.45,52.29,11.63,13.74,51.89,54.64,55.88,56.52,56.84,56.8,56.74,56.42,56.26,56.42,56.31,55.72,55.72,55.13,54.86,54.64,
56.67,47.76,53.24,13.8,13.66,52.55,54.46,54.52,54.73,54.84,54.57,55.06,55.71,56.03,55.87,55.71,55.55,55.66,54.79,54.68,54.46,
54.7,54.23,48.88,12.43,13.71,48.34,48.91,48.91,48.68,48.22,47.36,46.43,45.78,45.78,46.78,47.01,46.9,47.82,47.82,48.34,48.91,
53.81,46.18,47.15,12.06,13.72,46.72,48.68,48.85,48.85,48.34,47.82,47.48,47.71,47.25,47.36,47.36,47.07,47.76,47.88,48.39,48.68,
41.91,36.26,34.98,5.147,13.92,34.9,32.07,31.44,30.94,31.02,30.66,30.73,30.08,30.37,31.02,31.23,31.86,32.35,31.86,31.65,32.07,
45.51,37.19,36.42,7.21,13.86,36.42,32.13,31.85,31.29,31,30.65,30.07,30.36,30.22,30.43,31.36,31.85,32.2,32.07,32.34,32.13,
37.95,35.72,32.77,3.24,13.97,32.15,31.87,31.8,31.52,31.16,31.17,30.81,31.02,30.88,31.03,31.59,31.59,32.36,31.59,31.87,31.87,
38.05,36.28,33.18,3.325,13.97,33.06,32.08,31.87,31.8,31.31,31.03,30.96,30.74,30.81,31.1,31.8,32.01,32.5,32.01,31.94,32.08,
37.79,31.84,31.73,3.113,13.98,31.52,32.08,32.08,32.36,32.08,31.94,32.01,32.15,32.22,32.22,32.43,31.87,32.5,31.73,32.01,32.08,
41.79,36.95,35.1,4.551,13.94,34.49,32.22,32.29,32.42,32.14,32.43,32.36,32.29,32.07,32.35,32.01,32.22,32.35,32.15,31.86,32.22,
38.19,32.89,32.44,3.386,13.96,32.22,32.71,32.85,32.15,32.29,31.8,31.38,31.59,31.17,31.59,32.08,31.87,32.36,32.22,32.43,32.71,
53.04,37.16,42.33,11.56,13.74,42.24,32.95,31.76,31.62,31.26,31.12,30.91,30.62,30.47,30.62,31.12,31.26,32.04,32.18,32.46,32.95,
37.27,28.82,32.45,3.301,13.96,32.22,32.71,32.08,31.73,31.59,31.1,31.02,30.81,31.16,31.02,31.02,31.23,31.66,31.87,32.29,32.71,
33.84,22.46,28.79,1.404,14.02,28.57,32.72,32.59,31.88,31.67,31.53,31.67,31.32,31.46,31.52,31.46,31.39,31.88,32.17,32.52,32.72,
41.84,34.49,35.86,4.998,13.93,35.1,32.28,32.35,32.42,32.14,32,31.79,31.72,31.58,32.07,32,31.93,32.21,32.07,32.28,32.28,
34.2,27.37,30.54,1.174,14.02,30.61,32.52,32.93,33.35,32.38,31.75,31.96,31.96,31.67,31.89,32.1,31.61,32.45,32.1,32.1,32.52,
44.26,33.89,37.56,5.844,13.92,37.01,32.77,33.18,33.25,33.39,32.91,31.93,31.93,32.28,31.86,31.93,31.79,32.21,32.21,32.42,32.77,
34.56,21.22,27.86,2.018,14.02,27.67,32.72,33.96,34.44,34.44,33.69,31.88,31.95,31.53,32.01,32.3,32.02,32.44,32.29,32.3,32.72,
39.94,33.32,37.93,3.263,13.97,37.55,32.71,34.02,35.44,35.58,35.44,32.92,32.15,32.01,32.15,32.5,32.08,32.43,32.43,32.78,32.71,
45.53,37.42,49.2,7.55,13.85,48.89,53.8,56.28,57.52,57.62,57.3,56.71,55.97,55.7,55.69,55.42,54.83,54.83,53.96,53.91,53.8,
44.33,37.3,31.62,6.439,13.89,31.22,27.42,29.12,29.12,30.93,26.51,26.43,26.81,33.5,26.05,19.56,27.79,36.46,28.76,29.57,27.42,
49.07,39.85,41.12,8.77,13.83,41.03,31.14,30.2,29.99,29.04,28.6,27.86,27.63,27.33,28.15,28.6,28.82,29.77,30.13,30.49,31.14,
38.9,35.23,33.26,3.62,13.97,32.92,32.29,31.8,31.38,30.81,30.44,29.65,29.36,29.14,28.77,29.14,30.66,32.15,32.29,32.15,32.29,
35.16,24.71,29.24,1.869,14.02,29.01,32.09,31.96,32.17,31.95,31.67,32.02,31.88,31.81,30.17,30.74,31.52,32.1,32.09,32.02,32.09,
43.82,33.47,43.76,4.744,13.93,43.08,31.86,32.08,32.01,32.21,31.79,32.14,32.01,32,32.14,32.35,31.94,32.35,31.93,32.07,31.86,
52.1,48.2,51.07,11.14,13.76,50.4,53.78,55.62,57.22,58.12,58.65,59.44,59.23,58.81,58.12,57.38,56.37,55.88,54.7,54.21,53.78,
52.07,46.1,50.95,11.29,13.75,50.17,53.94,55.4,56.58,56.96,57.12,57.44,57.49,57.49,57.12,56.74,55.83,55.67,54.76,54.48,53.94,
51.96,45.94,53.73,11.05,13.76,53.61,54.05,55.41,56.86,57.28,57.7,58.54,58.55,58.54,58.18,57.6,56.8,56.21,55.24,54.65,54.05,
53.43,48.65,47.96,12,13.73,48.06,47.3,46.32,46.14,45.85,45.61,45.67,45.32,45.97,45.85,46.2,46.32,46.72,46.84,46.9,47.3,
55.95,50.91,51.8,12.77,13.7,51.17,47.42,46.61,46.43,46.37,46.37,46.25,46.54,46.02,46.37,46.49,46.37,46.9,47.13,47.13,47.42,
47.97,41.36,45.66,9.1,13.82,45.39,47.5,47.67,47.61,47.67,47.5,46.86,46.51,46.56,46.68,46.51,46.39,47.03,46.8,47.15,47.5,
50.22,41.11,48.74,10.48,13.78,48.58,51.85,52.52,52.63,52.24,51.8,51.57,51.41,52.13,52.24,51.9,52.02,52.19,52.19,52.52,51.85,
51.89,48.38,49.05,11.12,13.75,48.35,49.6,50.17,50.73,50.67,50.34,50.06,49.72,49.43,49.37,49.37,48.98,49.32,48.98,49.2,49.6,
51.53,47.32,48.11,10.88,13.76,47.84,49.32,49.61,50.23,50.17,49.72,49.83,49.38,49.89,49.72,49.21,49.09,49.27,49.15,49.44,49.32,
37.53,37.36,31.86,2.97,14,31.52,29.66,28.55,27.89,27.36,26.68,25.45,24.42,24.5,23.63,24.97,26.45,27.74,28.7,29.37,29.66,
34.14,32.92,30.06,1.383,14.04,29.59,30.46,29.15,28.57,27.6,27.44,26.84,25.61,25.06,24.91,25.84,26.31,28.12,28.86,29.37,30.46,
36.72,32.15,31.15,2.631,13.99,30.1,31.8,31.24,31.45,30.89,30.67,30.46,30.38,30.46,30.24,30.53,31.31,31.24,31.59,31.73,31.8,
30.62,23.36,28.14,-0.716,14.08,31.22,27.42,29.12,29.12,30.93,26.51,26.43,26.81,33.5,26.05,19.56,27.79,36.46,28.76,29.57,27.42,
34.64,29.76,30.35,1.658,14.01,3.099,31.81,31.6,30.81,30.31,29.59,29.74,29.44,29.52,29.08,29.81,29.74,30.96,30.68,31.53,31.81,
34.18,30.53,29.75,1.362,14.02,0.899,31.75,30.89,30.89,30.32,30.02,29.44,29.44,29.44,29.88,29.81,30.53,31.1,31.1,31.67,31.75,
33.54,28.5,29.62,0.923,14.04,1.024,31.82,31.11,30.89,30.68,30.03,29.89,29.45,29.67,29.81,29.89,29.89,30.83,31.46,31.46,31.82,
49.16,39.61,39.18,9.53,13.8,37.97,31.63,31.56,30.99,30.92,30.28,30.35,30.13,30.42,31.27,30.92,31.27,31.13,31.77,31.27,31.63,
45.82,33.94,32.9,7.6,13.86,30.43,31.78,31.29,31.07,30.79,30.5,30.28,30.07,30.5,30.14,30,30.22,30.93,31.22,31.57,31.78,
45.22,31.64,31.7,7.49,13.85,29.42,31.92,31.5,30.58,30.43,30.86,30.29,30.21,30.07,29.78,30.36,30.43,31.36,31.57,31.5,31.92,
25.69,21.11,25.36,-3.223,14.14,24.46,31.41,32.33,31.48,31.69,31.62,31.55,30.92,30.84,31.76,31.69,31.2,31.83,31.2,31.69,31.41,
38.16,30.87,31.14,3.7,13.96,28.99,31.73,31.17,30.37,30.23,29.14,29.21,29.07,29.65,30.23,30.3,30.73,31.23,31.38,31.52,31.73,
37.26,31.43,31.15,3.133,13.99,28.41,32.01,31.31,30.59,30.38,29.65,29.65,29.29,29.58,29.95,30.45,30.6,30.89,31.66,31.45,32.01,
37.03,31.16,31.58,2.906,13.99,28.78,31.73,31.03,30.53,30.67,30.38,29.74,29.81,29.52,29.95,30.74,30.6,31.45,31.31,31.24,31.73,
40.12,33.58,34.8,3.957,13.94,32.08,31.66,31.45,30.74,30.73,30.37,30.3,29.65,30.08,30.37,30.52,30.66,31.45,31.24,31.52,31.66,
40.06,34.65,33.2,5.059,13.92,33.11,31.93,31.65,30.59,30.66,30.08,30.16,29.94,30.3,30.94,30.66,31.23,31.09,31.72,31.58,31.93,
41.25,36.81,32.21,5.251,13.92,31.23,31.79,32.07,31.3,31.44,31.09,30.52,30.44,30.87,30.87,30.8,30.87,31.72,31.3,31.86,31.79,
19.66,10.58,24.56,-6.204,14.19,23.6,31.85,32.63,32.2,32.35,31.86,31,31.21,30.79,30.71,31.21,30.78,31.43,31.5,31.22,31.85,
32.98,26.02,29.97,0.9,14.04,29.74,31.75,31.25,30.61,30.32,29.23,28.34,28.12,27.9,28.64,28.93,29.15,30.25,31.1,31.04,31.75,
32.25,26.38,30.63,0.128,14.06,29.01,31.89,31.47,30.47,30.32,29.31,29.09,28.05,28.28,28.2,29.31,29.45,30.25,30.47,31.18,31.89,
18.98,12.33,24.06,-6.506,14.21,23.68,32,32.35,32.42,32.07,32.14,31.65,31.65,31.72,31.65,32,31.86,32.49,32.14,32,32,
21.31,15.54,29.18,-5.557,14.18,29.49,31.85,32.13,32.13,32.13,31.92,31.64,31.35,31.57,31.57,31.28,31.57,32.27,31.71,31.49,31.85,
22.48,17.65,25.66,-4.811,14.16,25.18,31.78,32.2,32.62,32.34,31.57,31.57,31.28,31.49,32.2,31.99,31.64,32.2,31.92,31.85,31.78,
42.84,36.5,47,2.762,14,45.37,31.73,32.29,32.43,32.36,32.08,31.88,31.87,31.45,32.15,32.02,31.87,32.29,32.01,31.94,31.73,
63.9,56.34,62.68,17.16,13.58,61.95,55.58,54.33,54.12,54.17,54.82,55.53,55.53,56.01,56.28,56.55,55.96,56.12,56.23,56.22,55.58,
47.66,36.7,48.47,9.34,13.8,48.3,54.44,55.69,56.11,55.9,55.09,54.33,54.49,54.82,54.93,54.88,54.76,54.87,54.87,54.71,54.44,
59.37,55.28,60.4,14.68,13.66,59.47,57.46,57.79,58.74,59.52,59.94,60.62,60.78,60.94,60.82,60.51,59.88,59.21,58.48,58.1,57.46,
56.88,52.48,57.37,13.82,13.68,56.73,58.95,60.16,61.09,61.4,61.76,63.04,63.41,63.81,63.66,62.85,62.07,61.45,60.52,59.94,58.95,
60.36,58,60.25,15.06,13.64,59.31,56.51,56.56,57.46,57.94,58.42,58.79,58.74,58.63,58.42,58.36,57.57,57.62,56.93,56.46,56.51,
52.63,48.41,52.82,11.69,13.74,52.46,55.99,57.01,57.65,57.75,57.6,57.54,57.54,57.7,57.91,57.7,57.22,57.27,56.8,56.42,55.99,
41.48,37.95,30.7,5.275,13.92,29.23,31.1,30.82,30.38,30.1,30.17,29.81,29.81,30.02,29.59,29.81,29.81,30.89,30.67,31.1,31.1,
36.26,31.45,29.49,2.483,14,29.52,30.53,29.89,29.95,29.23,28.57,28.05,27.3,27.52,27.3,27.52,28.05,28.79,29.66,30.32,30.53,
38.53,37.02,30.2,3.583,14,31.25,30.83,29.31,28.72,28.57,27.82,27.07,26.53,26.53,26.15,26.91,27.29,28.71,28.94,29.81,30.83,
42.57,39.54,35.11,6.053,13.9,23.08,31.89,31.75,32.03,31.25,31.11,30.83,30.97,31.46,31.39,31.46,31.61,31.82,31.82,31.68,31.89,
46.84,45.29,36.35,8.18,13.84,23.57,31.68,31.89,31.54,31.46,31.04,30.54,30.75,30.75,31.32,31.61,31.61,31.75,31.75,32.1,31.68,
44.2,41.01,34.68,6.76,13.88,25.82,31.58,31.16,30.07,28.54,27.5,27.5,27.27,27.87,28.1,28.91,29.64,30.52,31.02,31.37,31.58,
43.22,40.96,36.84,6.588,13.89,26.29,32.15,32.01,32.22,31.94,31.52,31.87,31.45,31.8,32.08,32.5,31.8,32.5,32.01,31.8,32.15,
31.64,20.02,27.95,0.605,14.05,28.28,32.17,31.89,31.96,32.17,31.54,31.04,31.32,31.46,31.25,31.18,31.46,31.89,32.1,32.03,32.17,
29.92,24.01,30.38,-0.944,14.09,29.97,32.6,33.29,33.84,33.91,33.15,31.69,32.39,32.6,32.11,31.69,32.04,31.97,31.48,31.83,32.6,
32.57,24.93,31.08,0.55,14.06,30.18,32.66,32.45,32.52,32.52,32.59,31.82,32.38,32.45,32.31,32.17,32.59,32.52,32.17,32.52,32.66,
48.45,39.09,50.41,6.828,13.9,50.14,32.14,31.93,31.93,31.79,31.15,31.15,31.07,31.22,31.08,31.43,31.22,31.79,31.86,32,32.14,
44.44,37.56,32.55,7.32,13.87,32.62,33.25,32.83,32.42,32.28,32.06,32.21,31.99,31.92,32.2,32.34,32.14,32.49,32.76,33.11,33.25,
29.06,19.91,27.05,-0.947,14.09,27,32.18,31.89,31.19,31.12,30.76,30.83,30.55,30.83,31.54,31.4,31.54,32.03,32.03,31.62,32.18,
25.85,16.87,26.97,-2.863,14.14,26.25,32.26,32.12,32.19,31.98,31.13,31.27,31.13,30.92,31.55,31.83,31.48,32.05,32.33,31.76,32.26,
45.79,25.96,30.81,9.46,13.8,31.63,32.68,31.27,30.99,30.35,30.42,30.85,30.56,30.71,31.06,31.06,30.92,31.91,31.91,32.33,32.68,
63.01,58.22,62.58,16.77,13.6,61.13,56.17,56.07,56.81,57.62,58.04,58.67,58.93,58.67,58.72,58.46,57.77,57.45,56.97,56.65,56.17,
55.78,49.27,53.09,13.39,13.69,52.11,54.85,55.61,55.87,55.71,55.49,56.3,56.62,56.63,56.58,56.62,55.87,55.77,55.44,55.39,54.85,
57.56,53.81,54.68,14.23,13.66,54.19,54.8,55.12,55.28,55.39,55.55,55.71,55.66,55.66,55.82,55.76,55.44,55.55,55.12,55.07,54.8,
56.35,53.32,59.52,12.71,13.72,58.23,54.42,54.59,55.29,56.15,56.36,56.63,56.31,55.94,55.61,55.46,55.29,55.34,55.13,54.8,54.42,
59.58,53.18,59.83,15.02,13.65,59.52,53.7,51.93,51.27,51.43,51.38,52.05,52.43,52.99,52.77,53.54,53.32,53.81,53.75,53.75,53.7,
53.82,49.14,52.78,12.18,13.73,51.07,55.18,56.31,57.38,57.55,58.17,58.86,58.75,58.38,57.33,57.27,56.47,56.31,55.62,55.72,55.18,
52.94,53.42,63.04,10.77,13.78,61.79,55.68,53.56,53.56,54.44,55.41,56.75,57.12,57.44,57.55,57.44,57.12,56.91,56.69,56.38,55.68,
23.19,15.23,21.14,-4.51,14.16,35.62,32.55,32.13,32.27,32.13,31.85,31.85,31.64,30.36,31.07,31.64,31.64,32.55,32.48,32.41,32.55,
27.68,22.59,18.82,-2.249,14.12,32.62,33.25,32.83,32.42,32.28,32.06,32.21,31.99,31.92,32.2,32.34,32.14,32.49,32.76,33.11,33.25,
43.32,37.62,37.78,6.674,13.88,31.63,32.68,31.27,30.99,30.35,30.42,30.85,30.56,30.71,31.06,31.06,30.92,31.91,31.91,32.33,32.68,
37.03,29.02,33.02,3.222,14,27,32.18,31.89,31.19,31.12,30.76,30.83,30.55,30.83,31.54,31.4,31.54,32.03,32.03,31.62,32.18,
41.05,34.03,35.69,5.507,13.91,28.28,32.17,31.89,31.96,32.17,31.54,31.04,31.32,31.46,31.25,31.18,31.46,31.89,32.1,32.03,32.17,
40.91,34.08,35.95,5.401,13.92,26.25,32.26,32.12,32.19,31.98,31.13,31.27,31.13,30.92,31.55,31.83,31.48,32.05,32.33,31.76,32.26,
37.1,33.01,34.75,2.716,13.99,29.97,32.6,33.29,33.84,33.91,33.15,31.69,32.39,32.6,32.11,31.69,32.04,31.97,31.48,31.83,32.6,
40.52,35.76,39.76,4.275,13.95,30.18,32.66,32.45,32.52,32.52,32.59,31.82,32.38,32.45,32.31,32.17,32.59,32.52,32.17,32.52,32.66,
47.12,39.68,42.29,8.29,13.84,50.14,32.14,31.93,31.93,31.79,31.15,31.15,31.07,31.22,31.08,31.43,31.22,31.79,31.86,32,32.14,
39.29,-63.58,,4.147,13.96,54.19,54.8,55.12,55.28,55.39,55.55,55.71,55.66,55.66,55.82,55.76,55.44,55.55,55.12,55.07,54.8,
55.01,-302.4,,12.99,13.7,51.07,55.18,56.31,57.38,57.55,58.17,58.86,58.75,58.38,57.33,57.27,56.47,56.31,55.62,55.72,55.18,
,,,20.02,-13.63,61.13,56.17,56.07,56.81,57.62,58.04,58.67,58.93,58.67,58.72,58.46,57.77,57.45,56.97,56.65,56.17,
49.4,-59.98,,10.03,13.78,52.11,54.85,55.61,55.87,55.71,55.49,56.3,56.62,56.63,56.58,56.62,55.87,55.77,55.44,55.39,54.85,
52.7,-65.47,,10.77,13.77,58.23,54.42,54.59,55.29,56.15,56.36,56.63,56.31,55.94,55.61,55.46,55.29,55.34,55.13,54.8,54.42,
50.89,-44.96,,9.19,13.81,59.52,53.7,51.93,51.27,51.43,51.38,52.05,52.43,52.99,52.77,53.54,53.32,53.81,53.75,53.75,53.7,
52.55,,,10.94,13.76,61.79,55.68,53.56,53.56,54.44,55.41,56.75,57.12,57.44,57.55,57.44,57.12,56.91,56.69,56.38,55.68,
,38.06,,40.85,13.91,33.9,34.39,33.6,32.82,32.28,32.34,32.27,32.25,32.63,32.79,33.15,33.17,33.54,33.66,34.07,34.39,
,35.18,,38.92,13.94,33.8,34.4,33.84,33.33,32.82,32.81,32.56,32.39,32.7,32.84,33.19,33.21,33.56,33.67,34.08,34.4,
